<?xml version="1.0" ?>
<odoo>
    <data>
        <!-- Mail template for Visitor Reminder Email -->
        <record id="email_template_visitor_notify" model="mail.template">
            <field name="name">Visitor Reminder Email</field>
            <field name="model_id" ref="gate_book.model_visit_insight"/> <!-- Adjust this reference as per your model -->
            <field name="email_from">${(user.email or '')|safe}</field> <!-- Assuming host_id has email -->
            <field name="email_to">${(object.email_id or '')|safe}</field> <!-- Assuming visitor_email is a field in your model -->
            <field name="subject">Reminder: Upcoming Meeting with {{ object.visitor_name }}</field>
            <field name="body_html" type="html">
                <div>
                    <p>Hello employee,</p>
                    <p>{{object.visitor_name}} is here to meet you for {{ object.purpose_of_visit }}</p>
                    <p>Thank you!</p>
                </div>
            </field>
        </record>
    </data>
</odoo>
